bin_lo,bin_hi,n_total,acc_overall,n_cls_6,acc_cls_6_vegetation,n_cls_1,acc_cls_1_road,n_cls_4,acc_cls_4_building,n_cls_2,acc_cls_2_sidewalk,n_cls_7,acc_cls_7_vehicle,n_cls_8,acc_cls_8_terrain,n_cls_3,acc_cls_3_parking,n_cls_5,acc_cls_5_fence
0.0,0.008513183593750001,61831531,0.8356033914152958,12568243,0.7375450172311276,6354395,5.303415982166674e-05,42387117,0.9971038841825454,221392,0.5759241526342416,45933,0.08549408921690288,29363,0.029424786295678233,41746,0.0,183342,0.0
0.008513183593750001,0.017026367187500002,37456841,0.7405758803845738,10047658,0.6746832943557594,5659164,0.00020815795407236827,20918844,0.9904236582097941,420602,0.51578214083623,80983,0.2297519232431498,83111,0.06503350940308744,88237,0.0,158242,0.0
0.017026367187500002,0.025539550781250003,29813873,0.7020617214006379,8700715,0.6393667646854311,4814872,0.00041558737179306116,15268877,0.9856093542439304,515822,0.5178995855159337,102177,0.35846619102146277,149482,0.08904751073707871,106744,0.0,155184,0.0
0.025539550781250003,0.034052734375000004,25113859,0.6733156381900528,7738858,0.6176046905111839,4217998,0.0006251781058217666,11983640,0.9813349700091124,570427,0.5137870402347715,119652,0.43612309029518936,213762,0.10355442033663607,114610,0.0,154912,0.0
0.034052734375000004,0.042565917968750006,22858582,0.6495052055284969,7340555,0.6064168172570058,3967026,0.000660948529200464,10205247,0.9774726667566204,630833,0.5067109678789791,138427,0.4750012642042376,287979,0.11095253473343543,127453,3.9230147583815214e-05,161062,0.0
0.042565917968750006,0.05107910156250001,20842913,0.629969476915247,6955077,0.5982943107603266,3673958,0.0007049617878048688,8748965,0.9736119643866445,662691,0.4993217049876941,151923,0.49930556926864267,350160,0.11925976696367376,135527,7.378603525496765e-05,164612,4.252423881612519e-05
0.05107910156250001,0.05959228515625001,19636093,0.6125654935531218,6767505,0.5937903259768555,3514876,0.000827625213521046,7754032,0.9700192106506653,704892,0.49294218121357597,165678,0.5189162109634351,415151,0.12515205310838706,143820,0.00026421916284244195,170139,3.526528309206002e-05
0.05959228515625001,0.06810546875000001,18409143,0.5977675875514683,6503892,0.5907364390429607,3328735,0.0009282805630367091,6880508,0.9664010273660026,729294,0.4879486188011968,175201,0.5309844121894282,466022,0.13068696327641185,149589,0.0005281136981997339,175902,7.958977157735557e-05
0.06810546875000001,0.07661865234375001,18016462,0.5839503338668824,6516763,0.5888945171091844,3289710,0.0011654522739086425,6367529,0.9627390782201385,780931,0.48077230894919015,191522,0.536319587305897,526628,0.13397122826739177,161289,0.0012896105748067134,182090,1.0983579548574881e-05
0.07661865234375001,0.08513183593750001,17156741,0.571405664980313,6340295,0.5871203153796472,3145972,0.00126161326292796,5746553,0.9586978489539729,805023,0.4717480121685964,199449,0.5437530396241645,569229,0.13904948623488964,164389,0.0022933407953086887,185831,0.00010224343624045503
0.08513183593750001,0.09364501953125001,16588433,0.560124395113149,6235518,0.5854843174215839,3048080,0.0014215506154694102,5284446,0.9548601688805222,834458,0.4647208127910572,210696,0.5464745415195352,616271,0.14127226496135628,171168,0.003119742007851935,187796,0.00011714839506698758
0.09364501953125001,0.10215820312500001,16275031,0.5487546536777718,6196854,0.5832277152245317,3001118,0.0016293927796241267,4933265,0.950758169285453,874557,0.4602650256072503,221597,0.5455082875670699,673130,0.1449407989541396,181245,0.003315953543546029,193265,7.243939668331048e-05
0.10215820312500001,0.11067138671875001,15800309,0.5376612571311106,6079861,0.5795423612480615,2915361,0.001805608293449765,4572773,0.9456028103734867,904066,0.45047264248406643,232397,0.5455406050852636,716403,0.1500091428986199,185619,0.004670858047936903,193829,6.706942717550006e-05
0.11067138671875001,0.11918457031250002,15637918,0.5275964485809428,6062850,0.5767909481514469,2891914,0.0019174152481712804,4326819,0.941045604172488,946455,0.4464734192328214,246971,0.5454041162727608,769663,0.15302021793953977,195244,0.005925918338079531,198002,0.00018686679932525935
0.11918457031250002,0.12769775390625002,15435301,0.5177124177882894,6028708,0.5743335056201097,2851691,0.0020763119145798055,4082486,0.9359703866712586,982513,0.43788835364010453,259874,0.541658649961135,824212,0.15645367939316585,205151,0.00746279569682819,200666,0.0003737553945361945
0.12769775390625002,0.13621093750000002,14808674,0.5077518756912334,5797039,0.5702759632978146,2749632,0.0021202837325140235,3755503,0.9308036766313328,991859,0.43263004116512527,268188,0.5416610735752532,844895,0.16026843572278213,204864,0.009230513901905655,196694,0.0003965550550601442
0.13621093750000002,0.14472412109375002,15146779,0.4982172117253444,5953058,0.5664040229408146,2796813,0.002402377277279532,3677689,0.9257808368244297,1065172,0.42570683420142474,292695,0.530818770392388,935654,0.16212189548700695,219431,0.011238156869357566,206267,0.0005914664003451837
0.14472412109375002,0.15323730468750002,15016963,0.4891269293265223,5904540,0.5630828142412448,2767018,0.0025120906333099386,3500985,0.9180553472808367,1107749,0.4226471881265521,306336,0.5303882011908493,990658,0.16727367063103513,228392,0.01240849066517216,211285,0.0009371228435525476
0.15323730468750002,0.16175048828125002,14690108,0.48031512089632017,5777864,0.5594146902730837,2710967,0.002851012203394582,3284860,0.9134310138027192,1128475,0.4176485965573008,315569,0.5251846664279445,1025759,0.17040844876818045,234503,0.014195980435218313,212111,0.0012823474501558146
0.16175048828125002,0.17026367187500002,14706035,0.47196365301728166,5785290,0.5555377517808096,2696238,0.003007152929377896,3159467,0.9063538248698277,1180334,0.41298903530695547,333679,0.5191995900251439,1092840,0.17413985578858754,242578,0.015269315436684283,215609,0.0015862046575050206
0.17026367187500002,0.17877685546875002,14687657,0.46331446874065757,5762903,0.5515478917483081,2692834,0.002962306625659064,3031397,0.9002123443415693,1233336,0.4070269577795507,347840,0.5134084636614535,1148511,0.1778006479694143,249795,0.016749734782521668,221041,0.0028682461624766446
0.17877685546875002,0.18729003906250002,14735854,0.45521155407755803,5765228,0.547784406791891,2695849,0.0030502450248511693,2924978,0.89320261554104,1285957,0.4018905764345153,370290,0.5077074725215371,1209790,0.18087023367691912,259472,0.017366035641610655,224290,0.0038967408266084086
0.18729003906250002,0.19580322265625003,14827629,0.4471199002888459,5785671,0.5429382348218555,2695193,0.00328510796814922,2833748,0.8854718203594674,1347569,0.394087427063104,387903,0.5022750532994074,1274623,0.1868364214359854,270709,0.019349190459127696,232213,0.0048662219600108525
0.19580322265625003,0.20431640625000003,14825719,0.44007707147289116,5749152,0.5396926364096827,2693621,0.0037633356734299295,2735404,0.8784406252239157,1397270,0.3912164434933835,404266,0.49478808507269967,1329375,0.19167729196050776,280134,0.02037596293202539,236497,0.006245322350812061
0.20431640625000003,0.21282958984375003,14948115,0.4327489452683499,5765172,0.5350973049893394,2702998,0.0035334839315456393,2656394,0.8719662821102593,1468382,0.3861822059927185,425041,0.48642836808684337,1396992,0.19758237699285322,289754,0.021725325621044057,243382,0.007745026337198314
0.21282958984375003,0.22134277343750003,14945496,0.4256982170414418,5714681,0.5318125368677622,2696606,0.0038552165203222123,2558426,0.8639659697016838,1527222,0.38112664694458304,441111,0.48385327049200766,1460933,0.2036876434442921,298743,0.022551156010350033,247774,0.010227061757892272
0.22134277343750003,0.22985595703125003,15205518,0.419307517178961,5770097,0.5269403616611644,2721127,0.003976293645978303,2521793,0.8559429739078505,1608057,0.3780916969983029,468338,0.4730536492874804,1546191,0.21073075706688243,313768,0.023597052599372784,256147,0.012430362252925079
0.22985595703125003,0.23836914062500003,15672745,0.41277076861775014,5902653,0.5230166841926842,2795666,0.0042530116258523015,2501105,0.8484893676994768,1711004,0.3733205766906448,499072,0.46384088868940754,1663924,0.21957673547589915,332144,0.025160773640348764,267177,0.015177204624649577
0.23836914062500003,0.24688232421875003,15619265,0.40568643915062585,5814770,0.518448193135756,2780080,0.004373974849644614,2396657,0.8402737646646975,1778061,0.36899802650190294,515433,0.45558782615781296,1724887,0.22671050335471252,338315,0.026295020912463236,271062,0.01839800488449137
0.24688232421875003,0.25539550781250003,16275569,0.4001068718396266,5992729,0.5147799942229992,2876711,0.004436316334869926,2407173,0.8329118846048872,1923825,0.3651579535560667,554331,0.44893394019096894,1870527,0.23638792703874362,361940,0.026308227883074544,288333,0.021693666697880577
0.25539550781250003,0.26390869140625006,15873288,0.39449955169968565,5772388,0.5109143737392566,2793432,0.00462764083750741,2261488,0.8268051831360591,1933956,0.3614384194883441,560710,0.4406038772270871,1902169,0.24536936518258892,362228,0.02792992259019181,286917,0.024968893443051476
0.26390869140625006,0.27242187500000004,16364254,0.3888012860225709,5875617,0.5069663322166846,2867396,0.004593366245889999,2242603,0.8177854038365239,2073981,0.358473872229302,596812,0.4338769997922294,2027913,0.2538151291500178,381672,0.028655494770378754,298260,0.028501978139877957
0.27242187500000004,0.28093505859375,17479909,0.3833157254994863,6207373,0.5024531311393725,3052989,0.004937783922575548,2295731,0.8114265129494701,2300238,0.3551154271862303,654979,0.4226914145339011,2224458,0.2636305113425383,418211,0.030130723486469748,325930,0.03306845028073513
0.28093505859375,0.28944824218750004,17226493,0.3779829707648562,6025489,0.49801700741632754,3014737,0.005053177109645053,2175116,0.8044918064140028,2364974,0.35299796107695053,664728,0.4197009904803168,2229859,0.2718306404126898,425462,0.032087471971644944,326128,0.03622504047490556
0.28944824218750004,0.29796142578125007,17506310,0.3722841649668034,6048725,0.4922839110721681,3064206,0.005328297118405225,2130020,0.7979972019042074,2499918,0.35038669268352,694734,0.4103081179271491,2285339,0.27723851909935465,444088,0.03323440399200159,339280,0.04190933742041971
0.29796142578125007,0.30647460937500004,18463308,0.36665141479522523,6314614,0.48735425474937977,3244178,0.005437432841231276,2166390,0.7904846311144346,2753773,0.3457852190431092,752696,0.40201621903132206,2387448,0.28232279823476786,480916,0.034028811684369,363293,0.04624366558122507
0.30647460937500004,0.31498779296875,18146140,0.3615669778806953,6124657,0.4835534463399338,3212345,0.005575677581330772,2046742,0.7832687265908453,2834047,0.34462413643810424,763556,0.3951222962035528,2312938,0.2869194937348083,485983,0.036791410399129185,365872,0.05056413171819653
0.31498779296875,0.32350097656250004,18510504,0.35665252550659887,6160476,0.4784427372170592,3294323,0.0058670628229229495,2023276,0.7751947831141179,3042077,0.34400904382104724,802869,0.38788146011366736,2292167,0.2910368223606744,512426,0.039289575470409385,382890,0.056057875630076526
0.32350097656250004,0.33201416015625007,18819884,0.35081725264619057,6188247,0.47295655781031365,3395802,0.006099295541966227,1985871,0.7696421368759602,3234394,0.3430135598816965,844573,0.37634047027314393,2236639,0.2924866283740917,537563,0.0397534800572212,396795,0.05947907609722905
0.33201416015625007,0.34052734375000004,18959332,0.3456769995904919,6130094,0.46822463081316534,3462485,0.006341110503005789,1946477,0.7614372016725602,3422285,0.34179152233084037,881297,0.3725804127325975,2146294,0.29410369688402427,557425,0.04101358927209939,412975,0.06613233246564562
0.34052734375000004,0.34904052734375,19023918,0.3391115857416963,6058675,0.46033811023037213,3512451,0.00655895270852177,1884967,0.7540222189566184,3598950,0.33974575917976074,919425,0.3633792859667727,2047065,0.29618404886996746,577987,0.04344388368596525,424398,0.06974820804999081
0.34904052734375,0.35755371093750005,19580627,0.33392582372362234,6134424,0.45507777095290447,3666680,0.00678161170323017,1886020,0.748253995185629,3868456,0.33947109647880186,982434,0.3582357695275204,1979816,0.2960861009305915,613994,0.04280660723068955,448803,0.07374727887291306
0.35755371093750005,0.3660668945312501,19475900,0.32800835904887576,5994476,0.44731416057049855,3697871,0.007193328269158118,1815693,0.7408047505828353,4016730,0.34001513669079075,1006584,0.35226170890854613,1858026,0.29634999725515143,629182,0.04550670553194465,457338,0.07780241309491011
0.3660668945312501,0.37458007812500005,19875801,0.32223229644933554,6008554,0.4414106954851367,3817125,0.007528178930477781,1799823,0.7342922054001977,4272206,0.3370343096751421,1064831,0.3447486032994907,1778362,0.29554612615429254,659337,0.04691076035471997,475563,0.08107443177875487
0.37458007812500005,0.38309326171875,20211574,0.3163536397511644,5977862,0.4354431400390307,3948896,0.00788473537920472,1775321,0.7270707663571827,4511478,0.33618738692729966,1121582,0.33915576391204566,1693239,0.29277733385540966,691626,0.049821724458016324,491570,0.08497874158309092
0.38309326171875,0.39160644531250005,19804747,0.31039114006354135,5745657,0.42683160515847013,3916301,0.008299157802222045,1687548,0.7217495443092582,4571120,0.3343110659969548,1134704,0.33320584046588364,1558015,0.29447405833705065,698827,0.05233054819003845,492575,0.08662640207075065
0.39160644531250005,0.4001196289062501,19201643,0.3044712892537373,5452726,0.42014599669963243,3842754,0.008536065540495175,1589413,0.7152237964581892,4572040,0.3313770220732977,1139861,0.3270846182122206,1422372,0.29277994786174083,694834,0.05510668735266265,487643,0.08856479022563638
0.4001196289062501,0.40863281250000005,20902625,0.29841352461712345,5809246,0.4122884450064604,4238973,0.008919613311997978,1684384,0.7089689761954518,5115904,0.328888696895016,1282952,0.32060903291783327,1455409,0.2908261526484995,775995,0.057539030534990564,539762,0.0903083210748441
0.40863281250000005,0.41714599609375,20144293,0.29308127120668864,5471657,0.4066832040093156,4146793,0.009417397974772312,1573367,0.7009674157396208,5061627,0.3275519906939014,1281787,0.31462325643808214,1320898,0.2894099317282636,765387,0.05879770625840261,522777,0.09228217767805393
0.41714599609375,0.42565917968750006,20096851,0.2875743567984855,5338963,0.3992614296072102,4181014,0.010170977662356548,1525994,0.6955125642695843,5183984,0.3245108395396282,1319887,0.30863172377635356,1237432,0.28757620620769464,780005,0.06272652098383985,529572,0.09332630879276095
0.42565917968750006,0.4341723632812501,19918379,0.2820999138534315,5178084,0.393309185405258,4207556,0.010449771791510321,1473786,0.6881378979037662,5232476,0.321753219699431,1351812,0.30332324317286724,1153101,0.28543813594819534,791321,0.06513538753552604,530243,0.09423038116486215
0.4341723632812501,0.44268554687500006,19606058,0.2769218065151087,4981158,0.38757272907223583,4192802,0.01079707555949458,1407800,0.6803104134109959,5247654,0.3193312668861171,1385518,0.2981267655851458,1070538,0.28421223721157024,797879,0.06722447889968279,522709,0.09388780373018257
0.44268554687500006,0.45119873046875003,20232468,0.27217643443202283,5020557,0.3810274437676935,4387757,0.01101473942153132,1417556,0.6779541690063744,5505364,0.31704098039657325,1479350,0.29466995639977017,1041507,0.28086609115445216,835350,0.07178787334650147,545027,0.09288530659948957
0.45119873046875003,0.45971191406250006,18743054,0.26706923001982497,4542711,0.37494042654265264,4118518,0.011618014052627669,1271427,0.6728062248166824,5180847,0.3141036591121104,1413182,0.290063841741545,913452,0.279414791362874,792338,0.0731518619579018,510579,0.09547004479228484
0.45971191406250006,0.4682250976562501,19180252,0.2625475410854873,4537869,0.36891853863564594,4280429,0.011962352371689846,1272356,0.6688411105068078,5352528,0.3117186869456825,1505587,0.28641984820538435,884244,0.27927698689501995,825736,0.07740851797668989,521503,0.09364279783625405
0.4682250976562501,0.47673828125000006,19259613,0.25736301139591955,4447960,0.3631347853847606,4370056,0.012442861144113485,1250257,0.6643786037590671,5415934,0.3074454009225371,1570946,0.2823973580250371,834340,0.27720713378239087,844218,0.07986918070924809,525902,0.09324170662975231
0.47673828125000006,0.48525146484375004,17680636,0.2526900616018564,3982702,0.3584435893019362,4074081,0.012717223835264935,1121712,0.6573621393013537,5006544,0.30484402014643236,1498704,0.27713010707918306,719042,0.2780087950356168,791390,0.08216176600664653,486461,0.09146056929538031
0.48525146484375004,0.49376464843750006,18347916,0.24804789819181644,4031544,0.3528648081231409,4300779,0.013288057814642417,1138263,0.6548521738824858,5218589,0.3009786745037787,1618701,0.2749204454683107,702773,0.27501483409294325,835717,0.08540570551993079,501550,0.09108364071378726
0.49376464843750006,0.5022778320312501,17897191,0.24303936858024255,3821800,0.34704510963420376,4276236,0.013494110240875387,1086728,0.650196737362063,5111396,0.29705231212764577,1638189,0.2721810487068342,646695,0.2758270900501782,827676,0.08789792140886048,488471,0.08952629736463373
0.5022778320312501,0.5107910156250001,16865731,0.23782710633769744,3508727,0.3415184481437285,4109545,0.014062140699274493,1003438,0.6441155308050921,4816827,0.2929164780051266,1603431,0.2681998788847166,573431,0.2726012371148403,788684,0.09034290032509852,461648,0.08702734550999897
0.5107910156250001,0.51930419921875,15718866,0.23395975256739257,3184425,0.3369961610023788,3901686,0.01482077235328522,924259,0.6437481268778557,4482335,0.28858530208027733,1558049,0.26652948655658454,502782,0.27294135430464894,738618,0.09356392614314842,426712,0.08550732109713342
0.51930419921875,0.5278173828125001,15074425,0.22983317771656298,2974655,0.33222642625783494,3803410,0.014971827912320787,871389,0.6413553533496521,4294234,0.2853025708426695,1553241,0.2636693211162981,452434,0.270328931954716,718760,0.09479937670432412,406302,0.08709777456177917
0.5278173828125001,0.5363305664062501,14824760,0.22556587762634944,2837299,0.32605164277716236,3804509,0.01588746405909409,846388,0.6369112038450451,4208413,0.28116822184514684,1593266,0.26267239745277937,421626,0.27044584537006733,715805,0.09767744008493934,397454,0.08456827708363736
0.5363305664062501,0.5448437500000001,13568415,0.22116312037920421,2522309,0.32091904679402883,3540285,0.01592442416359135,759249,0.6344308652365693,3838311,0.27689210176038365,1523818,0.25997067891309855,363918,0.26923098060552103,657404,0.09935899386070057,363121,0.0855499957314504
0.5448437500000001,0.55335693359375,14726121,0.21735737469493832,2657154,0.3154130321388975,3915184,0.016660008827171342,818229,0.6352537003699453,4131118,0.27262498916758127,1725693,0.25800475519110294,369528,0.27028804312528415,719917,0.10181868187582735,389298,0.08491438435337453
0.55335693359375,0.5618701171875,11902906,0.2134831611708939,2084571,0.31009497877500936,3226059,0.01696528178808881,652205,0.6321402013170706,3309845,0.26966247664165544,1456201,0.2559200275236729,279871,0.26958134283294805,582985,0.10514850296319803,311169,0.08252428744508611
0.5618701171875,0.5703833007812501,12006412,0.20963815001517522,2032525,0.30367400154979646,3315846,0.017580732036409412,651913,0.6307252654878795,3304561,0.2666463109623336,1533039,0.2543236016826708,264092,0.26738030686275993,591348,0.10529163876431476,313088,0.08428940106295993
0.5703833007812501,0.5788964843750001,10683988,0.20582136557996883,1755211,0.2986501338015771,3004099,0.018110255354434057,573096,0.6312188533858202,2898779,0.2620013460839892,1426354,0.25338730777913476,221718,0.26446657465789875,529549,0.10686452056372499,275182,0.08181494429141441
0.5788964843750001,0.58740966796875,10678128,0.20251265015740585,1704963,0.2930010797888283,3052056,0.018823049118364802,570974,0.6344562099149874,2852298,0.25681958897702833,1491967,0.2524519644201246,207259,0.2640898585827395,526949,0.1079060781973208,271662,0.08253270608329469
0.58740966796875,0.5959228515625001,8980444,0.1997961348013528,1394287,0.28821325881974086,2609719,0.019470295460928936,475916,0.6348641356878104,2352126,0.2539251723759697,1313297,0.25240139892194985,163031,0.26981985021253624,444494,0.10944354704450454,227574,0.07942032042324694
0.5959228515625001,0.6044360351562501,8569474,0.19662023596780853,1290273,0.2819217328425845,2526445,0.01998024892685176,449823,0.6365881691243,2206778,0.2503618397500791,1312292,0.25077040780557985,146973,0.26086424037068034,422384,0.11145308534414182,214506,0.08089284215826131
0.6044360351562501,0.6129492187500001,8874576,0.19362987031718473,1300492,0.27677140651384247,2659004,0.020505422331068324,459955,0.6417627811416334,2233944,0.2461476205312219,1426570,0.24925660850852044,140057,0.2633927615185246,435498,0.11165148864059077,219056,0.08108428894894457
0.6129492187500001,0.62146240234375,7317686,0.19081236882806943,1040360,0.2702314583413434,2228764,0.02124765116450194,379777,0.6417450240535894,1789665,0.24325055247769833,1236558,0.24750961944364921,108531,0.25291391399692253,355548,0.11396210919482039,178483,0.08250645719760426
0.62146240234375,0.6299755859375,6924153,0.188347513407055,953770,0.2641685102278327,2146310,0.021570509385876225,354217,0.6513126134544643,1641013,0.24006330236262602,1232080,0.24693201740146745,95130,0.2558288657626406,335343,0.11532073131092642,166290,0.08414216128450297
0.6299755859375,0.6384887695312501,6200323,0.1862709410461358,839308,0.2573977610126437,1946623,0.022652049215487538,317713,0.652198682458697,1419962,0.23721902417106935,1155531,0.24703274944592574,80052,0.24517813421276172,294135,0.1141176670576436,146999,0.08236790726467527
0.6384887695312501,0.6470019531250001,5830230,0.18474451265215952,765998,0.25473304107843625,1854554,0.023658518436238576,298902,0.657496436959271,1285846,0.2334883026427737,1144885,0.24533206391908358,70866,0.24588660288431688,272799,0.11589851868958465,136380,0.08378061299310749
0.6470019531250001,0.6555151367187501,5447763,0.18249729292555494,700643,0.24670909436046604,1754721,0.023869321675639602,279206,0.6630337456931441,1153134,0.23152036103349655,1126250,0.24264506104328523,61895,0.24131189918410212,248456,0.11563013169333805,123458,0.08441737270974745
0.6555151367187501,0.6640283203125001,4581689,0.1810264729884547,577127,0.24296212098896777,1490217,0.025315105115563705,232992,0.665846896030765,929524,0.22814150038084008,995191,0.24038903084935453,48933,0.24192262890074184,204753,0.11684810478967342,102952,0.09000310824461885
0.6640283203125001,0.6725415039062501,4287883,0.17945778837715487,528883,0.23769340288872964,1410721,0.025445144716779576,218891,0.6740660876874791,827296,0.2250814702355626,979760,0.23933208132603903,42358,0.2326124935077199,186921,0.11489880751761439,93053,0.08932543819113839
0.6725415039062501,0.6810546875000001,3986577,0.1786575300063187,485021,0.2348413780021896,1319822,0.02652554662674209,200505,0.6797586095109848,729269,0.22267229239142208,958926,0.23754596287930455,37482,0.22698895469825517,169024,0.11782942067398712,86528,0.09735576923076923
0.6810546875000001,0.6895678710937501,3505360,0.1776082913024625,419263,0.2297817837491026,1168467,0.026444906017884972,177223,0.682129294730368,607728,0.22006555564331412,884665,0.23712252660611643,31522,0.22961741006281328,142769,0.11643283906170107,73723,0.09600803005846208
0.6895678710937501,0.6980810546875,3258332,0.17731710580751134,385512,0.2294221710348835,1088740,0.02695593070889285,165385,0.6880974695407686,533933,0.2178700323823401,861722,0.23520230422340382,26789,0.21841054164022547,128754,0.11313046584960468,67497,0.09985628990918115
0.6980810546875,0.7065942382812501,3008998,0.17591470649033333,351205,0.22568300565196964,1007551,0.026797650937768907,151970,0.6935579390669211,463694,0.2170396856547637,833733,0.23055222715185797,24108,0.21718931475029035,116269,0.11316860040079471,60468,0.10605609578620097
0.7065942382812501,0.7151074218750001,2625998,0.1757792656353889,302849,0.22081631440090607,874489,0.02796490293188365,132803,0.7008953110998999,376978,0.21406819496097915,767997,0.22808292219891485,20649,0.21318223642791417,97235,0.11164704067465418,52998,0.11438167478018038
0.7151074218750001,0.7236206054687501,2424637,0.17629731790779404,277615,0.21879221223637052,799616,0.027878381623179127,122763,0.7037869716445508,325712,0.21605897234366556,747375,0.2262037129954842,17980,0.1992769744160178,85797,0.10977073790458874,47779,0.11705979614474979
0.7236206054687501,0.7321337890625002,2110677,0.1773663142205084,239340,0.2172307178073034,692044,0.02821930397489177,108150,0.7151733703190014,262716,0.2166636215533123,681822,0.22426234413087287,14761,0.20079940383442857,70550,0.10728561304039688,41294,0.1243522061316414
0.7321337890625002,0.7406469726562501,1941852,0.177649995983216,218858,0.2158020268850122,628336,0.02937441114308268,100212,0.7129285913862611,225476,0.2154508683851053,657622,0.221420512087491,13061,0.1891126253732486,60674,0.10520156904110492,37613,0.1275091058942387
0.7406469726562501,0.7491601562500001,1788041,0.17714694461704178,201801,0.21427544957656305,568254,0.027489467738018563,92738,0.7259268045461408,191887,0.20905532943868005,633675,0.21793821754053735,11699,0.20429096503974697,53373,0.09995690705038128,34614,0.1335008955913792
0.7491601562500001,0.7576733398437501,1537204,0.1769634999648713,171934,0.20993520769597637,478738,0.02728423480066341,81042,0.7177883072974507,150839,0.21273675906098555,571054,0.213897459784889,9512,0.18849873843566023,44304,0.10547580353918382,29781,0.13428024579429837
0.7576733398437501,0.7661865234375,1495743,0.17723699860203257,165348,0.21117279918716889,456495,0.027329981708452446,79150,0.724801010739103,134998,0.20968458791982103,582523,0.21000715851562943,8887,0.20333070777540227,40112,0.10051854806541684,28230,0.136733970952887
0.7661865234375,0.7746997070312501,1199245,0.17819378025340943,133152,0.21227619562605143,356173,0.02713007443012244,64113,0.7271224244692964,98616,0.2146609069522187,486924,0.20603831398739844,7404,0.18273905996758508,30175,0.10233637116818559,22688,0.14179301833568406
0.7746997070312501,0.7832128906250001,1172693,0.17944935289969327,129452,0.206369928622192,337690,0.027738458349373687,63343,0.7284782848933584,88390,0.21897273447222537,495919,0.20506977954061045,7067,0.17277486910994763,28759,0.10021210751416948,22073,0.1384949938839306
0.7832128906250001,0.7917260742187501,991628,0.1810648751346271,109366,0.20898633944736025,273395,0.026942701951389016,54864,0.7312263050452027,67788,0.21735410397120433,439032,0.201434064031779,5972,0.16610850636302746,22520,0.10159857904085258,18691,0.14761114975121717
0.7917260742187501,0.8002392578125002,837741,0.18159073030924833,93603,0.2043737914383086,221636,0.028691187352235196,46422,0.7277368489078454,52038,0.2208194012068104,385359,0.19839162962328633,4746,0.1639275179098188,17687,0.09730310397467067,16250,0.14843076923076923
0.8002392578125002,0.8087524414062501,828797,0.18304723593352776,92102,0.20133113287442184,209238,0.029822498781292117,47549,0.726177206671013,46215,0.2275884453099643,397269,0.19490320160898536,4753,0.17841363349463496,16064,0.08522161354581673,15607,0.1430768245018261
0.8087524414062501,0.8172656250000001,744578,0.1852203530053265,80583,0.204670960376258,177596,0.029910583571702065,43628,0.7332676262950398,36928,0.22570948873483535,374053,0.19122423827639398,4540,0.16431718061674008,13071,0.09387193022722057,14179,0.16073065801537484
0.8172656250000001,0.8257788085937501,621836,0.1870863057140468,68716,0.21118807846789686,139341,0.028189836444406167,36701,0.7315332007302253,27817,0.23974547938311105,323825,0.1884412877325716,3659,0.16288603443563815,10114,0.08829345461736207,11663,0.16025036440024007
0.8257788085937501,0.8342919921875,557327,0.18818933947215907,60279,0.20864646062476153,117365,0.030562774251267414,32500,0.7339076923076923,22908,0.2601274663872883,302192,0.18518690104304547,3433,0.1806000582580833,8580,0.06748251748251748,10070,0.17348560079443892
0.8342919921875,0.8428051757812501,506208,0.18921471015866995,54833,0.20443893275946967,100110,0.030106882429327738,29761,0.7456402674641309,18329,0.25620601233018714,284207,0.1836267227760048,2930,0.15938566552901023,7088,0.07336343115124154,8950,0.16715083798882682
0.8428051757812501,0.8513183593750001,2484609,0.19282148619762707,271145,0.2028766895941286,338582,0.028524847747369915,160087,0.7424775278442347,58168,0.2608478888736075,1568729,0.17080770483620816,14716,0.16050557216634956,32752,0.06338544211040548,40430,0.1977739302498145
