bin_lo,bin_hi,n_total,acc_overall,n_cls_1,acc_cls_1_road,n_cls_4,acc_cls_4_building,n_cls_6,acc_cls_6_vegetation,n_cls_2,acc_cls_2_sidewalk,n_cls_8,acc_cls_8_terrain,n_cls_7,acc_cls_7_vehicle,n_cls_3,acc_cls_3_parking,n_cls_5,acc_cls_5_fence
0.0,0.009399414062500002,17093687,0.8617154391559878,1459583,4.110763142623613e-06,13657421,0.9985659078679643,1728332,0.5685412293471394,113496,0.926508423204342,10140,0.33727810650887574,9126,0.09314047775586237,18253,0.0,97336,0.0
0.009399414062500002,0.018798828125000003,13992391,0.782889643378319,1740595,0.00015626840247156862,9378766,0.9950590514786274,2477104,0.584794582706257,188667,0.8748482776532197,21521,0.22271269922401377,16268,0.2062330956478977,38503,0.0,130967,0.0
0.018798828125000003,0.028198242187500007,12335913,0.7556715907448439,1605144,0.0013923984390185554,7728229,0.9915804772348231,2524516,0.5806285244379517,211892,0.8417967643894059,59592,0.10142300979997315,21885,0.2870916152615947,49898,0.0,134757,0.0
0.028198242187500007,0.03759765625000001,11414478,0.7329112202940862,1498030,0.003582705286275976,6777715,0.9882525305357337,2530611,0.572732434973214,238788,0.8191198887716301,142897,0.056516231971280015,29073,0.3198500326763664,59951,0.0,137413,2.9109327356218117e-05
0.03759765625000001,0.04699707031250001,10907648,0.7081522982773188,1440307,0.005675873268685079,6130596,0.9844856845892308,2556344,0.5622212816428462,273388,0.8097209826327417,259088,0.03653198913110604,36308,0.3457364768095186,68828,0.0,142789,0.0
0.04699707031250001,0.056396484375000014,10552747,0.6818142233486693,1405186,0.007922794562428035,5609781,0.9812242224785602,2564607,0.5505689565691742,303754,0.7907550188639492,401027,0.028643956641323402,44602,0.3530559167750325,75186,2.660069693825978e-05,148604,2.0187881887432372e-05
0.056396484375000014,0.06579589843750001,10268575,0.6543965447980854,1405455,0.008953684038265188,5116833,0.9774639899328355,2573367,0.5491789550421685,334163,0.7773032921059483,550125,0.023547375596455353,55105,0.35697305144723707,83262,2.4020561600730225e-05,150265,2.6619638638405482e-05
0.06579589843750001,0.07519531250000001,10080118,0.6292241817010475,1405376,0.01060143335306708,4742246,0.9731452143140613,2566383,0.5440700004636876,363925,0.7622806897025486,690602,0.021320529045673196,65967,0.3692300695802447,89733,0.0,155886,0.0004811208190600824
0.07519531250000001,0.08459472656250001,10079676,0.6059808866872308,1432016,0.011590652618406498,4484436,0.9696918408468758,2589305,0.5397270696190677,399834,0.7499287204189738,836813,0.020266176553184523,77819,0.3641784140120022,96948,0.00014440731113586665,162505,0.0018091751023045445
0.08459472656250001,0.09399414062500001,10009116,0.5821514107739385,1455174,0.01264316157380492,4193877,0.9656511147084189,2597709,0.5350614714735177,431680,0.7315882134914752,970460,0.02097665024833584,88811,0.35759083897264976,103011,0.0006115851705157701,168394,0.004020333266030856
0.09399414062500001,0.10339355468750001,10076937,0.5608269655749559,1498634,0.014110850280989221,3992333,0.961149783848191,2628935,0.5315871255850754,468577,0.7168064160212729,1099812,0.020937214723971007,101229,0.3499491252506693,112545,0.0012172908614332045,174872,0.006090168809186148
0.10339355468750001,0.11279296875000003,10149796,0.541559258925007,1542198,0.015135540313241231,3812370,0.9564546463223664,2660486,0.5285150908518218,504725,0.6988577938481352,1212821,0.022097242709352823,113409,0.3490640072657373,120165,0.0020971164648608165,183622,0.008375902669614752
0.11279296875000003,0.12219238281250003,10287119,0.5240902725048675,1593662,0.01603853263740994,3670596,0.9516838682328428,2702585,0.5245296632668353,551425,0.6833150473772499,1321068,0.02335231797303394,128791,0.3398917626231647,128920,0.004723859757989451,190072,0.01554674018266762
0.12219238281250003,0.13159179687500003,10351897,0.5065058124129326,1636849,0.016004530656157045,3505327,0.9459802181080396,2725189,0.5199998972548326,594579,0.6650974891477835,1414230,0.02455753307453526,143186,0.34346933359406645,137435,0.004991450503874559,195102,0.02040983690582362
0.13159179687500003,0.14099121093750003,10431217,0.4908402346533487,1677058,0.016768054533593948,3364893,0.93990388401652,2744170,0.5161618995907687,637746,0.6470836351776412,1496018,0.026003029375315,159901,0.34606412717869184,146735,0.004818209697754455,204696,0.025447492867471763
0.14099121093750003,0.15039062500000003,10621397,0.4770233143530931,1740169,0.017916650624163515,3273630,0.9343450542669758,2787284,0.5123518091446727,691057,0.6316772711947061,1583712,0.02805371178598129,178185,0.34080871004854507,158604,0.007194017805351694,208756,0.02818601621031252
0.15039062500000003,0.15979003906250003,10869152,0.4637267010342665,1813409,0.017889510860484313,3199664,0.9283340375739453,2848682,0.509793300901961,750503,0.6121108110160786,1666109,0.030216510444394693,198745,0.33744748295554605,170504,0.0066860601510814995,221536,0.03312328470316337
0.15979003906250003,0.16918945312500003,11042714,0.45218865579602985,1869360,0.01890219112423503,3117715,0.9216272173691309,2885319,0.5062081523741395,809620,0.5972542674341049,1729209,0.03288266484849431,218776,0.33520130178813035,182843,0.008165475298480118,229872,0.038608442959560105
0.16918945312500003,0.17858886718750003,11395305,0.4397667284903739,1973393,0.019423905932574,3079660,0.9148422228427814,2952268,0.5017579704823546,887854,0.5803397855953795,1820920,0.036033433648924716,241550,0.332792382529497,197417,0.011083138736785585,242243,0.04447187328426415
0.17858886718750003,0.18798828125000003,11578971,0.4283565439450535,2036103,0.02022933024508092,2999566,0.9063194475467451,2986048,0.4968259050088947,959804,0.563707798675563,1870766,0.03888674478796386,262638,0.3317989019106146,212075,0.014589178356713427,251971,0.04998194236638343
0.18798828125000003,0.19738769531250003,11976242,0.41796525153716835,2147849,0.02059176413239478,2972690,0.8980468868264098,3062948,0.4932532318537566,1056347,0.5494984129268129,1952534,0.04368886790191618,289727,0.33250266630310604,230209,0.017458048990265367,263938,0.05638445392478537
0.19738769531250003,0.20678710937500003,12228521,0.40830816743905496,2237769,0.021280570067777328,2917872,0.8905774482225403,3096059,0.48861665749909805,1143990,0.5337284416821826,2002910,0.04895527008203065,313863,0.3304817707088762,242508,0.020766325234631434,273550,0.060727472125753974
0.20678710937500003,0.21618652343750003,12796519,0.3981971972221508,2397105,0.021686158929208357,2916187,0.8810600966261766,3199118,0.48587954554974216,1279541,0.5205554179193945,2101099,0.055226336312567854,343371,0.3266000914462782,268181,0.02447600687595318,291917,0.065138378374675
0.21618652343750003,0.22558593750000006,13023890,0.38849091937969377,2476034,0.02184622666732363,2844456,0.8713725928613415,3214259,0.47963714187313466,1383681,0.5098530658439336,2146644,0.06108185614382264,369239,0.3241911065732493,286790,0.028735311552006693,302787,0.06860268109264929
0.22558593750000006,0.23498535156250006,13277859,0.37957143542494315,2579080,0.022129596600338104,2775115,0.8620633739502688,3218679,0.475443807847878,1507531,0.49795659260074915,2186218,0.06887922430425511,395611,0.32021607083726183,305584,0.03292057175768365,310041,0.07155505239629598
0.23498535156250006,0.24438476562500006,14399537,0.3705980963137912,2850327,0.022358136452414055,2869594,0.8515309134323531,3436823,0.4705444534094424,1739091,0.48928894462681943,2368421,0.0759894461330988,447746,0.3212736685531529,348984,0.034697865804736036,338551,0.07424583002265538
0.24438476562500006,0.25378417968750006,14072338,0.36246144741548986,2842096,0.022981982311646054,2680556,0.8404767518380515,3296153,0.46632908120466493,1803310,0.48233969755616063,2307151,0.08339029391660971,451926,0.3179148798697132,356896,0.037610396305926656,334250,0.07786686611817502
0.25378417968750006,0.26318359375000006,15184735,0.35344943458018857,3129568,0.023376069796214684,2756183,0.8288963396117022,3495125,0.45863280998533673,2052839,0.4745686339747053,2473317,0.09074534319701033,510771,0.31907449718171155,404110,0.039848061171463216,362822,0.07876589622459498
0.26318359375000006,0.27258300781250006,14838127,0.34557987001998297,3122475,0.023607554904362726,2571689,0.8181992457097261,3350044,0.4533603140734868,2110398,0.4687727149096995,2394832,0.09704104505034174,515888,0.31587282510932607,414794,0.04345530552515225,358007,0.07943699424871581
0.27258300781250006,0.28198242187500006,16029286,0.33721096497997477,3439109,0.024292047736782986,2641750,0.806748935364815,3546107,0.4476872807278517,2387899,0.46164682844626176,2573701,0.1029396965692596,579954,0.31487324856798987,467003,0.0455457459588054,393763,0.0806271792931281
0.28198242187500006,0.29138183593750006,16075842,0.3297226359900775,3526781,0.024828306605938957,2535155,0.7953296741224896,3488025,0.44151575748453636,2497841,0.45636731881653,2538789,0.10755285295469612,605314,0.31088327710907065,487622,0.048074122988708466,396315,0.08097599132003583
0.29138183593750006,0.30078125000000006,16220485,0.32116814016350315,3633047,0.024947654131642117,2448483,0.7831837100768109,3431147,0.43323442568913545,2634869,0.4471432925128346,2520681,0.1111334595690609,641404,0.31095845987864124,506926,0.048368006375684024,403928,0.08045740825097542
0.30078125000000006,0.31018066406250006,16499916,0.3142789939051811,3763707,0.02555778119816447,2392869,0.7726486489649036,3433699,0.42733419557159785,2769294,0.4401360057834235,2506610,0.11296651653029391,677328,0.30815498547232656,537638,0.05190295328827203,418771,0.08249138550663727
0.31018066406250006,0.31958007812500006,17021962,0.30662675665707634,3970981,0.02603588382820265,2374198,0.761144184267698,3470741,0.42056148816635985,2948142,0.4310094289895127,2524701,0.11462188987923719,726595,0.3066398750335469,568576,0.05323298908149482,438028,0.08241710575579643
0.31958007812500006,0.32897949218750006,16989650,0.29925189747875913,4046846,0.026284667121012264,2290289,0.7491093918715062,3390965,0.4136624825086664,3022290,0.42361553656333445,2458475,0.11455963554642613,752865,0.3049205368824424,585706,0.05424564542620359,442214,0.08176131918030637
0.32897949218750006,0.33837890625000006,16818925,0.2927015252163857,4086074,0.026728590818472696,2201717,0.7401891342075299,3284316,0.40701503752988444,3061367,0.414956455727131,2367760,0.1146552015406967,778866,0.3027735194500723,595298,0.05609795430187906,443527,0.08169062988273544
0.33837890625000006,0.34777832031250006,16863548,0.28602622650939175,4186431,0.027337605707582424,2148129,0.7285093213675715,3220739,0.40027242195036605,3132554,0.4058847828321555,2303853,0.11563237758659081,812722,0.30221896294181777,611314,0.05747619063198291,447806,0.08095693224298021
0.34777832031250006,0.35717773437500006,17231300,0.27895736247410235,4362715,0.02760207806377451,2128308,0.7175803502124692,3224223,0.39291295918427477,3258248,0.397156078972503,2277972,0.1153284588221453,873944,0.2983509240866692,639717,0.0588494599955918,466173,0.07973434754908586
0.35717773437500006,0.36657714843750006,16505056,0.27296205477885077,4262989,0.028170609870210785,1988891,0.7081836058386307,3031646,0.3859543627455184,3158351,0.38911254638892256,2111445,0.1152670327666598,877042,0.2971659281995617,624505,0.05957037974075468,450187,0.08090637890476624
0.36657714843750006,0.37597656250000006,16583998,0.2667889853821738,4372088,0.028708708516388508,1950032,0.6989664784988143,2980860,0.37916775695604626,3207011,0.3801296596737585,2047676,0.11537274451622229,926620,0.2959336081673178,640083,0.06134204470357751,459628,0.0801735316386295
0.37597656250000006,0.38537597656250006,16085393,0.2611972862584085,4322725,0.028875304350843508,1851509,0.6905227033733026,2835184,0.3741831218009131,3143971,0.37155877073929755,1908812,0.11492278967231975,945361,0.29254961861130296,629831,0.06033840823967064,448000,0.07845982142857143
0.38537597656250006,0.39477539062500006,15904029,0.25514170025721156,4354046,0.02957616892426033,1795198,0.6831118350176415,2742228,0.3649299037133309,3124405,0.3628117993665994,1819025,0.1146498811176317,983597,0.289469162675364,633955,0.062397173300944075,451575,0.07875325250512097
0.39477539062500006,0.40417480468750006,15112562,0.24981594781877486,4216981,0.029765132923292754,1670318,0.6745170680074094,2550908,0.35998789450658353,2987400,0.35414608020352145,1664324,0.11420432560006345,985201,0.28894712855549276,608569,0.06393523166641744,428861,0.07754727056085771
0.40417480468750006,0.41357421875000006,14734610,0.2444883848300023,4183984,0.030041223867012877,1598653,0.6692046366534826,2437499,0.3534007603695427,2920863,0.3445399527468423,1557758,0.1144330505765337,1012486,0.2866410004681546,600631,0.06333339438024345,422736,0.0772018470156315
0.41357421875000006,0.42297363281250006,14275410,0.23968404410101005,4117803,0.03043831868595948,1527466,0.6632409493893808,2318222,0.34393513649684976,2835932,0.33650806859967025,1446070,0.1156389386405914,1034941,0.2846693676257874,582730,0.06435398898289088,412246,0.0781087020856479
0.42297363281250006,0.43237304687500006,13762077,0.234755044605549,4038301,0.03049747901407052,1442287,0.6569524650780323,2187997,0.3386362047114324,2735623,0.32795089089395724,1333496,0.11581587046380341,1056158,0.2838154897278627,569837,0.06507825922149667,398378,0.07701730517247439
0.43237304687500006,0.44177246093750006,12594653,0.23051004263475938,3757248,0.03126543683036095,1302241,0.6521872679480987,1960984,0.33139638059260046,2503071,0.3210240540520025,1164970,0.11549310282668224,1021157,0.2806972874886036,522036,0.06431165666735628,362946,0.07784353595300679
0.44177246093750006,0.4511718750000001,12503494,0.2262917869197202,3794563,0.03161075465079905,1266798,0.6487261583930508,1910551,0.3254835908593908,2481937,0.3126288056465575,1098224,0.11609016011305526,1073015,0.2796177127067189,517388,0.06567798248123265,361018,0.0786608977945698
0.4511718750000001,0.4605712890625001,11226840,0.2227867325088805,3456729,0.031554686525903534,1123429,0.6449112493980483,1681407,0.3204203384427447,2209656,0.3061553472576727,943682,0.11671516464232655,1024297,0.2787999964853944,462369,0.06626525567241748,325271,0.07991182736856345
0.4605712890625001,0.4699707031250001,10908850,0.21854164279461172,3405653,0.03234768780025446,1070804,0.6439413748921371,1600968,0.3122648297779843,2140374,0.2976106045018301,872384,0.11687743012251485,1053777,0.2763402503565745,448610,0.06586790307839772,316280,0.07810168205387631
0.4699707031250001,0.4793701171875001,10507450,0.21484556195841997,3327516,0.032312692110270845,1024806,0.6376631284360161,1515358,0.3050341899405949,2033330,0.29064588630473165,797070,0.1166296561155231,1076090,0.2754444330864519,432423,0.06895794164510213,300857,0.08003137703294257
0.4793701171875001,0.4887695312500001,9971830,0.21174799409937795,3190990,0.03287318355745396,954050,0.6351239452858864,1412361,0.2977376180735662,1920866,0.2851635668495356,716053,0.11663382459119646,1086651,0.27411652867387964,407771,0.0696567436134497,283088,0.07988328717571921
0.4887695312500001,0.4981689453125001,8711443,0.20869309481793086,2818242,0.033013488550663855,820273,0.6350434550448448,1213611,0.291476428608508,1660505,0.27804794324618115,589269,0.1171672020757922,1009600,0.27212757527733755,353381,0.06966701661945605,246562,0.08204021706507897
0.4981689453125001,0.5075683593750001,8182789,0.20579658109233906,2676213,0.03399393097634605,758953,0.6335227609614824,1120847,0.2841449368201012,1537393,0.2708643788543333,526958,0.11743630422158882,1007312,0.27081281668440366,326255,0.0712786010942361,228858,0.08459830986900174
0.5075683593750001,0.5169677734375001,7861359,0.20418212677986083,2591005,0.03395825172085735,721741,0.6321256517227094,1060941,0.2792681214129721,1461806,0.26700738675309854,473922,0.11911664788720507,1021934,0.2703188268518319,312466,0.07323036746398008,217544,0.0861894605229287
0.5169677734375001,0.5263671875000001,7319680,0.20271842484917374,2435264,0.03459789164542325,661202,0.6324224669616849,970550,0.27537169646076964,1330061,0.26250525351844767,413855,0.12323398291672204,1022483,0.2702167175395581,286530,0.07246361637524866,199735,0.08488246927178511
0.5263671875000001,0.5357666015625001,6395094,0.2010724158237549,2134365,0.03480801081352065,568019,0.6351548099623429,843555,0.2687708566720605,1143293,0.25981703727740835,339594,0.12210168613108595,948133,0.266401443679315,245865,0.07297093933662782,172270,0.08732803157833634
0.5357666015625001,0.5451660156250001,5901951,0.20011992644466212,1973870,0.03509602962707777,520922,0.6378440534283444,767623,0.2644905116183335,1036211,0.2545273115224602,292762,0.12206843784370923,929565,0.26465174570901445,223492,0.07479014908811053,157506,0.09091717140934313
0.5451660156250001,0.5545654296875001,5619597,0.19901960941327287,1880843,0.03528364674776151,489636,0.6341486328619628,728196,0.25873940532494,959188,0.25196833154710024,263348,0.12365766969940915,942542,0.26417284322608436,207335,0.07714568210866472,148509,0.0935498858655031
0.5545654296875001,0.5639648437500001,5323079,0.19909905526481947,1780914,0.03586136107639111,458757,0.639604409306016,677674,0.2540971027367141,888545,0.2484691264933121,233506,0.12266494222846522,954408,0.26463525033319085,191908,0.07795923046459761,137367,0.09744698508375374
0.5639648437500001,0.5733642578125001,4532127,0.19839669100181878,1514860,0.036174299935307554,386318,0.6418158097732956,575682,0.249453691447709,734774,0.24419209171799763,184946,0.1238037048652039,863176,0.2629336311482247,157533,0.07639034361054509,114838,0.10008882077361152
0.5733642578125001,0.5827636718750001,4445489,0.19743542273977058,1477477,0.03712409736327537,373424,0.6359901880971764,561018,0.24172664691685472,695126,0.24284230484832967,172544,0.12435089020771513,904962,0.2603346880863506,149304,0.08183303863258855,111634,0.10451117043194726
0.5827636718750001,0.5921630859375001,3750816,0.1979819857865595,1241757,0.03710629374346189,312109,0.6413816967790099,470710,0.23657241188842387,567718,0.24100874025484484,134508,0.12434948107175782,812403,0.2608668357945502,120659,0.08307710158380228,90952,0.1041758290087079
0.5921630859375001,0.6015625000000001,3682390,0.19933439966977967,1203760,0.03683541569748123,304676,0.6449671126048655,460564,0.23196776126662091,538141,0.24412189370443807,123769,0.12266399502298637,849451,0.2596995000300194,113249,0.08506918383385284,88780,0.10761432755125028
0.6015625000000001,0.6109619140625001,3192129,0.19891458020650168,1036356,0.03799949052256175,257769,0.6458030251892198,396728,0.2285747413845254,445956,0.24087129671985577,100661,0.12170552647003308,784217,0.25793881030378074,95199,0.08606182838055021,75243,0.11014978137501164
0.6109619140625001,0.6203613281250001,3012555,0.20012746655247787,960471,0.038605017746501456,242170,0.6507618615022505,375887,0.22588437482541296,405829,0.24150073060328364,88883,0.1180540710822092,784277,0.25482578221725233,85400,0.08594847775175644,69638,0.10940865619345759
0.6203613281250001,0.6297607421875001,2710866,0.20021203556354317,851368,0.03830658422679734,214972,0.6500241891967325,338701,0.2178086276686517,345554,0.24128790290374297,74401,0.1174715393610301,751403,0.2536481754797359,71795,0.08914269795946793,62672,0.11992596374776615
0.6297607421875001,0.6391601562500001,2552187,0.20160317406208872,784682,0.038667893490611484,199752,0.657355120349233,318681,0.2132257649499029,308250,0.242566098945661,65186,0.11597582302948486,753526,0.2513596080294509,65083,0.0957392867569104,57027,0.12204745120732284
0.6391601562500001,0.6485595703125001,2295247,0.20358201099925194,690966,0.03947806404367219,179074,0.6581078213475993,286019,0.21046503903586825,262978,0.24882689806751895,56297,0.11426896637476242,715499,0.2490611447395454,54904,0.09786172227888679,49510,0.131306806705716
0.6485595703125001,0.6579589843750001,2052176,0.20439523705569113,600469,0.040060352824209076,157755,0.6605559253272479,254279,0.20428741657785346,221393,0.24962397185096186,46745,0.10929511177666061,681206,0.24746699236354347,46439,0.09565236116195439,43890,0.13342447026657553
0.6579589843750001,0.6673583984375001,1849232,0.2061271922614361,522588,0.04026690241643513,143073,0.6599148686334948,233470,0.20501135049471025,184770,0.2541105157763706,39782,0.10120154843899251,646415,0.24412799826736695,40192,0.10196058917197452,38942,0.12762569975861537
0.6673583984375001,0.6767578125000001,1734221,0.20812687656302167,477943,0.04184808648730079,133865,0.6694655062936541,214663,0.19627975011995547,163185,0.25813034286239545,35288,0.10150759464973928,637421,0.24285833067940968,35527,0.10189433388690292,36329,0.13920008808389991
0.6767578125000001,0.6861572265625001,1633728,0.20985561856073962,433769,0.043264963609663205,125593,0.6762956534201747,201152,0.19356009385937004,144407,0.2634844571246546,31117,0.0932930552431147,632997,0.23838975540168436,31844,0.1151237281748524,32849,0.14274407135681452
0.6861572265625001,0.6955566406250001,1380963,0.2109093436971157,350941,0.043095563071855386,105504,0.6742398392478011,169503,0.19416765484976667,113456,0.26705506980679733,25473,0.09751501589918737,563300,0.23546422865258299,25133,0.10679186726614412,27653,0.14403500524355403
0.6955566406250001,0.7049560546875001,1302512,0.21079498691758694,317982,0.043002434100043396,97990,0.6740687825288295,161902,0.18835468369754543,98854,0.26591741355939064,23020,0.08392701998262381,554673,0.23403699116416338,22453,0.11383779450407518,25638,0.14638427334425463
0.7049560546875001,0.7143554687500001,1288634,0.21163650811634646,300113,0.04396010835918471,96401,0.6812169998236532,160609,0.1792178520506323,90976,0.2685543440028139,21546,0.07690522602803304,574060,0.23152283733407658,20547,0.11568598822212488,24382,0.15179230579936018
0.7143554687500001,0.7237548828125001,1082902,0.2135761130739439,237548,0.04539293111286982,81871,0.6871297529039586,132337,0.18183879036097236,70552,0.273911441206486,17982,0.0808030252474697,506008,0.22610116836097452,16250,0.11126153846153847,20354,0.1564311683207232
0.7237548828125001,0.7331542968750001,1021064,0.2157239898772261,213339,0.04635345623631872,77653,0.6811971205233539,125562,0.1786448129211067,61129,0.28446400235567404,15546,0.07616107037179982,494620,0.22585823460434273,14684,0.11475074911468265,18531,0.16615401219578005
0.7331542968750001,0.7425537109375001,908347,0.21296707095416179,180402,0.045154710036474095,66326,0.6861261043934506,110567,0.17189577360333552,50168,0.2902846435975124,13593,0.06348856028838373,458957,0.22085075508163074,12463,0.12075744202840408,15871,0.15726797303257514
0.7425537109375001,0.7519531250000001,902932,0.2146318881156056,169591,0.049318654881450076,66617,0.688367834036357,110229,0.1720781282602582,45723,0.2989742580320626,12747,0.059386522318977016,471414,0.21766642484101023,11480,0.10757839721254356,15131,0.1543850373405591
0.7519531250000001,0.7613525390625001,794985,0.21421033101253484,139127,0.049594974375929905,58188,0.6957963841341858,97126,0.16304594032493874,36389,0.30195938333012723,11165,0.048544558889386476,430144,0.21468391980360066,9581,0.10510385137250809,13265,0.1650207312476442
0.7613525390625001,0.7707519531250001,703049,0.2131302370105071,116655,0.05499121340705499,50943,0.6928920558271009,85618,0.1603167558223738,29101,0.29902752482732553,9714,0.04725138974675726,391672,0.21038266712963907,7759,0.11444773811058126,11587,0.16846465866919824
0.7707519531250001,0.7801513671875001,615560,0.2131327571642082,95107,0.053161176359258516,45416,0.7044653866478774,73597,0.15492479313015475,23325,0.3007502679528403,8314,0.048352177050757755,353972,0.20658413659837502,6274,0.1153968759961747,9555,0.15468341182626896
0.7801513671875001,0.7895507812500001,658633,0.21063019921564816,95124,0.053603717253269414,47670,0.7018460247535138,80328,0.1537819938253162,22349,0.2919146270526645,8924,0.047400268937696104,387638,0.20292902140657004,6456,0.11183395291201982,10144,0.1465891167192429
0.7895507812500001,0.7989501953125001,535500,0.21116153127917833,71282,0.05471226957717236,38286,0.6956589876194954,65169,0.15785112553514707,16607,0.30842415848738486,7005,0.042112776588151324,324154,0.2003584715906637,5239,0.1213972132086276,7758,0.16189739623614333
0.7989501953125001,0.8083496093750001,496504,0.20797012712888516,61038,0.05285232150463646,36508,0.6993809575983346,59158,0.1457960039217012,13414,0.2981959147159684,5998,0.036845615205068356,308851,0.1940838786340339,4330,0.12540415704387992,7207,0.16192590536977938
0.8083496093750001,0.8177490234375001,461684,0.20739510141135495,52675,0.05883246321784528,33532,0.7080997256352142,54467,0.14419740393265648,11061,0.32004339571467316,5942,0.03382699427802087,293902,0.1901722342821757,3769,0.11727248607057575,6336,0.1545138888888889
0.8177490234375001,0.8271484375000001,395709,0.2039301607999818,41090,0.06040399123874422,28496,0.7150828186412128,47401,0.1397860804624375,8789,0.3037888269427694,4790,0.025887265135699375,256854,0.18397221768008284,2969,0.10542270124621085,5320,0.15996240601503758
0.8271484375000001,0.8365478515625001,367162,0.20229762339239898,35074,0.058191252779836916,25697,0.7195392458263611,44286,0.13990877478209818,7418,0.3192235103801564,4392,0.02163023679417122,243117,0.18104863090610693,2640,0.11893939393939394,4538,0.16659321286910533
0.8365478515625001,0.8459472656250001,332342,0.20295659290730633,29148,0.06549334431178812,24004,0.7182136310614897,40191,0.14072802368689508,6258,0.3189517417705337,3690,0.02872628726287263,222713,0.17772649104452817,2300,0.1091304347826087,4038,0.1760772659732541
0.8459472656250001,0.8553466796875001,277034,0.19656432062490525,21640,0.07134935304990758,20973,0.7178753635626758,33821,0.1280269654948109,4614,0.29237104464672736,3038,0.02271231073074391,188025,0.16697779550591677,1589,0.11516677155443675,3334,0.15836832633473305
0.8553466796875001,0.8647460937500001,271747,0.19887616054639057,19615,0.07320927861330614,21197,0.7229324904467613,33330,0.12847284728472846,3684,0.2915309446254072,2815,0.02486678507992895,186463,0.1674863109571336,1642,0.10353227771010962,3001,0.1526157947350883
0.8647460937500001,0.8741455078125001,201365,0.19456707968117598,13217,0.07989710221684194,15445,0.7242473292327614,24923,0.12201580869076756,2469,0.2823005265289591,2122,0.0235626767200754,139890,0.1617127743226821,1008,0.11011904761904762,2291,0.1815800960279354
0.8741455078125001,0.8835449218750001,193905,0.1911399912328202,11428,0.0728036401820091,15466,0.7304409672830725,24837,0.10899061883480292,2137,0.33036967711745435,1824,0.01864035087719298,135215,0.15579632437229599,819,0.10866910866910867,2179,0.1523634694814135
0.8835449218750001,0.8929443359375001,154119,0.18988573764428784,8969,0.09900769316534731,12841,0.7097578070243751,19481,0.10548739797751655,1529,0.302158273381295,1368,0.015350877192982455,107701,0.1532204900604451,665,0.06766917293233082,1565,0.11373801916932907
0.8929443359375001,0.9023437500000002,138068,0.18958049656690906,7460,0.0920911528150134,12387,0.7424719463954146,17964,0.10738142952571811,1077,0.24326833797585887,1286,0.025660964230171075,95937,0.14383397437901957,511,0.03718199608610567,1446,0.17219917012448133
0.9023437500000002,0.9117431640625002,95100,0.18356466876971608,4266,0.08884200656352555,9427,0.7266362575580778,13218,0.09827507943713118,643,0.2130637636080871,815,0.018404907975460124,65424,0.13235204206407433,423,0.037825059101654845,884,0.11538461538461539
0.9117431640625002,0.9211425781250002,84826,0.18440100912456087,3600,0.07611111111111112,9410,0.7321997874601488,13112,0.08884990848078096,408,0.18627450980392157,730,0.0013698630136986301,56557,0.1258199692345775,338,0.05621301775147929,671,0.15052160953800298
0.9211425781250002,0.9305419921875002,64704,0.18045252225519287,2470,0.08825910931174089,7451,0.7196349483290834,11078,0.08124210146235783,235,0.2,630,0.011111111111111112,42102,0.12108688423352809,255,0.0,483,0.09109730848861283
0.9305419921875002,0.9399414062500001,114178,0.20105449386046348,3118,0.15202052597819116,20396,0.7928515395175525,24707,0.05601651353867325,400,0.3475,745,0.0,63564,0.07340633062739915,482,0.0,766,0.15926892950391644
